Версия изделия : Деталь;Shengyi S1170-1-35-0,3 318,83 x 217,333 мм;Стеклотекстолит фольгированный;;;Деталь;Не известно;;;;Не определено
Версия изделия : Деталь;SMPM-KWB2;Контакт;;;Деталь;Не известно;;;;Не определено
Версия изделия : Деталь;Shengyi S1170-2-35-0,18 318,83 x 217,333 мм;Стеклотекстолит фольгированный;;;Деталь;Не известно;;;;Не определено
Версия изделия : Деталь;Shengyi S0701-106-0,05 318,83 x 217,333 мм;Стеклоткань прокладочная;;;Деталь;Не известно;;;;Не определено
Версия изделия : Деталь;0,5-4-7-Кд ОСТ 1 34505-80;Шайба;;;Деталь;Не известно;;;;Не определено
Версия изделия : Деталь;2-10-Кд ОСТ 1 31528-80;Винт;;;Деталь;Не известно;;;;Не определено
Версия изделия : Деталь;4-8-Кд ОСТ 1 31528-80;Винт;;;Деталь;Не известно;;;;Не определено
Версия изделия : Деталь;ТУТнг-5/2,5 ТУ 2247-011-79523310-2006;Трубка термоусаживающаяся;;;Деталь;Не известно;;;;Не определено
Версия изделия : Деталь;Shengyi S0701-1080-0,075 318,83 x 217,333 мм;Стеклоткань прокладочная;;;Деталь;Не известно;;;;Не определено
Версия изделия : Деталь;Dupont FR0210 0,075 мм 318,83 х 217,333 мм;Полиимид защитный на клею;;;Деталь;Не известно;;;;Не определено
Версия изделия : Деталь;2,5-7-Кд ОСТ 1 31528-80;Винт;;;Деталь;Не известно;;;;Не определено
Версия изделия : Деталь;Dupont AP9131 2-35-0,1 318,83 x 217,333 мм;Полиимид фольгированный;;;Деталь;Не известно;;;;Не определено
Версия изделия : Деталь;2,5-6-Кд ОСТ 1 31542-80;Винт;;;Деталь;Не известно;;;;Не определено
Версия изделия : Деталь;TFlex-405;Кабель;;;Деталь;Не известно;;;;Не определено
Версия изделия : Деталь;"564-0527-000 ф.""Amphenol""";Кодовый штырь;;;Деталь;Не известно;;;;Не определено
Версия изделия : Деталь;VJ779-10004;Соединитель;;;Деталь;Не известно;;;;Не определено
Версия изделия : Деталь;М5 800-7667-100;Гайка;;;Деталь;Не известно;;;;Не определено
Версия изделия : Деталь;SMCJ40CA;Диод;;;Деталь;Не известно;;;;Не определено
Версия изделия : Деталь;"CDSOT23-SM 712 ""Bourns""";Диод;;;Деталь;Не известно;;;;Не определено
Версия изделия : Деталь;PESD12VL2BT;Диод;;;Деталь;Не известно;;;;Не определено
Версия изделия : Деталь;3-10-Кд ОСТ 1 31542-80;Винт;;;Деталь;Не известно;;;;Не определено
Версия изделия : Деталь;S6NW2ZPB2(A)0135-15;Соединитель;;;Деталь;Не известно;;;;Не определено
Версия изделия : Деталь;0,5-2-4-Кд ОСТ 1 34505-80;Шайба;;;Деталь;Не известно;;;;Не определено
Версия изделия : Деталь;TBU-CA085-200-WH;Предохранитель;;;Деталь;Не известно;;;;Не определено
Версия изделия : Деталь;2-1,2-6,0-18-00 ГОСТ 16840-78;Лепесток;;;Деталь;Не известно;;;;Не определено
Версия изделия : Деталь;М5 800-7668-100;Шайба;;;Деталь;Не известно;;;;Не определено
Версия изделия : Деталь;S7-RFP-1#B2;Контакт;;;Деталь;Не известно;;;;Не определено
Версия изделия : Деталь;2030-23T-SM;Разрядник;;;Деталь;Не известно;;;;Не определено
Версия изделия : Деталь;5.0 SMDJ36CA;Диод;;;Деталь;Не известно;;;;Не определено
Версия изделия : Деталь;0,5-2,5-5-Кд ОСТ 1 34505-80;Шайба;;;Деталь;Не известно;;;;Не определено
Версия изделия : Деталь;2-1,0-4,0-14 ГОСТ 16840-78;Лепесток;;;Деталь;Не известно;;;;Не определено
Версия изделия : Деталь;2,5-Кд ОСТ 1 33033-80;Гайка;;;Деталь;Не известно;;;;Не определено
Версия изделия : Деталь;2-6-Кд ОСТ 1 31528-80;Винт;;;Деталь;Не известно;;;;Не определено
Версия изделия : Деталь;1-3-2,2х16 ГОСТ 22375-77;Лепесток;;;Деталь;Не известно;;;;Не определено
Версия изделия : Деталь;2-5-Бп ОСТ 1 34080-85;Заклепка;;;Деталь;Не известно;;;;Не определено
Версия изделия : Деталь;2,5-8-Кд ОСТ 1 31528-80;Винт;;;Деталь;Не известно;;;;Не определено
Версия изделия : Деталь;564-0528-000;Кодовый штырь;;;Деталь;Не известно;;;;Не определено
Версия изделия : Деталь;"VJ773-10006 ф.""Amphenol""";Соединитель;;;Деталь;Не известно;;;;Не определено
Версия изделия : Деталь;CF81/431-03;Контакт;;;Деталь;Не известно;;;;Не определено
Версия изделия : Деталь;2,5-8-Кд ОСТ 1 31542-80;Винт;;;Деталь;Не известно;;;;Не определено
Версия изделия : Деталь;"LT M673-P2R1-25 ф. ""OSRAM""";Светодиод;;;Деталь;Не известно;;;;Не определено
Версия изделия : Деталь;MMB 0207 C1009FB200;Резистор;;;Деталь;Не известно;;;;Не определено
Версия изделия : Деталь;CMB 02070X3308JB200;Резистор;;;Деталь;Не известно;;;;Не определено
Версия изделия : Деталь;BAV23;Диодная сборка;SOT-143;;Деталь;Не известно;;;;Не определено
Версия изделия : Деталь;MMA 0204 C4000FB200;Резистор;;;Деталь;Не известно;;;;Не определено
Версия изделия : Деталь;МС16-13 0,5 ТУ 16.505.083-78;Провод;;;Деталь;Не известно;;;;Не определено
Версия изделия : Деталь;ПМ-А ,040 ТУ6-19-121-85;Пленка;;;Деталь;Не известно;;;;Не определено
Версия изделия : Деталь;FFMD-05-T-02.00-01-N;Соединитель;;;Деталь;Не известно;;;;Не определено
Версия изделия : Деталь;2,5-6-Кд ОСТ 1 31528-80;Винт;;;Деталь;Не известно;;;;Не определено
Версия изделия : Деталь;CN2220K30E2GK2;Варистор;;;Деталь;Не известно;;;;Не определено
Версия изделия : Деталь;2-7-Кд ОСТ 1 31542-80;Винт;;;Деталь;Не известно;;;;Не определено
Версия изделия : Деталь;"M5 800-7667-100 ф.""Amphenol""";Шайба пружинная;;;Деталь;Не известно;;;;Не определено
Версия изделия : Деталь;MMB 0207 C4700FB200;Резистор;;;Деталь;Не известно;;;;Не определено
Версия изделия : Деталь;CR1206-JW-102-0,25Bm-1k0m+-5%;Резистор;;;Деталь;Не известно;;;;Не определено
Версия изделия : Деталь;Б26-2-500В-15А 0,33мкф +50/-20%-H50 АЖЯР.431145.005 ТУ;Фильтр;;;Деталь;Не известно;;;;Не определено
Версия изделия : Деталь;CR1206-JW-000;Резистор;;;Деталь;Не известно;;;;Не определено
Версия изделия : Деталь;EHF-105-01-L-D;Вилка;;;Деталь;Не известно;;;;Не определено
Версия изделия : Деталь;МС16-13 0,75 ТУ 16.505.083-78;Провод;;;Деталь;Не известно;;;;Не определено
Версия изделия : Деталь;3-8-Кд ОСТ1 31528-80;Винт;Винт;;Деталь;Не известно;;;;Не определено
Версия изделия : Деталь;2,5-5-Кд ОСТ 1 31528-80;Винт;;;Деталь;Не известно;;;;Не определено
Версия изделия : Деталь;3-Хим. Пас.-ОСТ 1 33036-80;Гайка;;;Деталь;Не известно;;;;Не определено
Версия изделия : Деталь;"CR2010-JW-152-0,5Bm-1,5k0m+-5% ф. ""BOURNS""";Резистор;;;Деталь;Не известно;;;;Не определено
Версия изделия : Деталь;0,5-2,5-6-Кд ОСТ1 34505-80;Шайба;;;Деталь;Не известно;;;;Не определено
Версия изделия : Деталь;2,5-8-Кд ОСТ1 31542-80;Винт;;;Деталь;Не известно;;;;Не определено
Версия изделия : Деталь;WSR5R1000FEA;Резистор;;;Деталь;Не известно;;;;Не определено
Версия изделия : Деталь;280-027S 2H26 JF N A;Соединитель;;;Деталь;Не известно;;;;Не определено
Версия изделия : Деталь;0,5-3-6-Кд ОСТ1 34505-80;Шайба;;;Деталь;Не известно;;;;Не определено
Версия изделия : Деталь;2,5-5-Кд ОСТ 1 31542-80;Винт;;;Деталь;Не известно;;;;Не определено
Версия изделия : Деталь;ИЯДС.466226.002-01;Модуль ВИМ-3U-3П;Модуль ВИМ-3U-3П-12345;;Деталь;Не известно;;;;Не определено
Версия изделия : Деталь;ИЯДС.436734.002;Модуль вторичного электропитания МВЭ-2-50;;;Деталь;Не известно;;;;Не определено
Версия изделия : Деталь;КПТД-2М/3-0,50 55х58 мм ТУ РБ 100009933.004-2001;Лист;;;Деталь;Не известно;;;;Не определено
Версия изделия : Деталь;3-10-Кд ОСТ1 31542-80;Винт;Винт;;Деталь;Не известно;;;;Не определено
Версия изделия : Деталь;0,3-2-5-Кд ОСТ 1 34505-80;Шайба;;;Деталь;Не известно;;;;Не определено
Версия изделия : Деталь;ТДЦК.467345.001;Модуль навигации;;;Деталь;Не известно;;;;Не определено
Версия изделия : Деталь;0,3-2,5-5-Кд ОСТ 1 34505-80;Шайба;;;Деталь;Не известно;;;;Не определено
Версия изделия : Деталь;ПМ-А 100 ТУ6-19-121-85 166х85 мм;Пленка;;;Деталь;Не известно;;;;Не определено
Версия изделия : Деталь;3К ОСТ17-330-2002;Нитки специальные;;;Деталь;Не известно;;;;Не определено
